False Positive Rate,True Positive Rate,Threshold
0.0,0.0,inf
0.0,0.01020408163265306,0.9999681894334134
0.0,0.2857142857142857,0.9997993015096339
0.0,0.30612244897959184,0.999797054123263
0.0,0.3877551020408163,0.9997406044152384
0.0,0.40816326530612246,0.9997102825657211
0.0,0.5,0.9994541569332136
0.0,0.5204081632653061,0.999453950157614
0.0,0.6326530612244898,0.9988168047514271
3.517163759144626e-05,0.6326530612244898,0.99859506889679
3.517163759144626e-05,0.7346938775510204,0.9918117392825574
5.2757456387169386e-05,0.7346938775510204,0.9905703721623861
5.2757456387169386e-05,0.8163265306122449,0.9341129021997583
0.00029895891952729317,0.8163265306122449,0.6259978561159883
0.00029895891952729317,0.8367346938775511,0.6099508018005058
0.0003165447383230163,0.8367346938775511,0.5834050906337377
0.0003165447383230163,0.8469387755102041,0.5341871382757196
0.00043964546989307823,0.8469387755102041,0.492216189475474
0.00043964546989307823,0.8571428571428571,0.4889800943419022
0.0005803320202588633,0.8571428571428571,0.39614610464354744
0.0005803320202588633,0.8673469387755102,0.38887773427752625
0.0006330894766460326,0.8673469387755102,0.361277450656053
0.0006330894766460326,0.8775510204081632,0.32759746511495175
0.0019344400675295442,0.8775510204081632,0.05562975486068341
0.0019344400675295442,0.8877551020408163,0.054817809716645675
0.0032357906584130555,0.8877551020408163,0.02594877499770721
0.0032357906584130555,0.8979591836734694,0.025931177015422004
0.013400393922341025,0.8979591836734694,0.003909775764457931
0.013453151378728193,0.8979591836734694,0.003907731760156554
0.014684158694428812,0.8979591836734694,0.0035300062526125637
0.01471933033202026,0.8979591836734694,0.0035295837235405827
0.021736072031513787,0.8979591836734694,0.001988689822529341
0.021771243669105232,0.8979591836734694,0.0019880438628368524
0.03552335396736072,0.8979591836734694,0.001023539065552616
0.03561128306133934,0.8979591836734694,0.0010224498925671425
0.03722917839054586,0.8979591836734694,0.0009467515913575311
0.03722917839054586,0.9081632653061225,0.0009457463946004526
0.038126055149127744,0.9081632653061225,0.000913647727042905
0.038126055149127744,0.9183673469387755,0.0009129551611961394
0.041115644344400674,0.9183673469387755,0.0008223429475424535
0.041185987619583565,0.9183673469387755,0.0008221000309711959
0.04134425998874507,0.9183673469387755,0.000818515089861871
0.041379431626336526,0.9183673469387755,0.0008182034154277602
0.045090039392234105,0.9183673469387755,0.0007204229837535933
0.045090039392234105,0.9285714285714286,0.000720252760529465
0.046444147439504785,0.9285714285714286,0.0006838363127702468
0.04647931907709623,0.9285714285714286,0.0006838211292793684
0.04658483398987057,0.9285714285714286,0.0006835169194670346
0.048290658413055715,0.9285714285714286,0.0006481933470896292
0.048290658413055715,0.9387755102040817,0.0006481166097515684
0.05316193021947102,0.9387755102040817,0.0005714047665629347
0.053214687675858185,0.9387755102040817,0.0005713095087229677
0.06965742824985931,0.9387755102040817,0.0003907535971283703
0.06971018570624649,0.9387755102040817,0.00039066263573393116
0.07466938660664041,0.9387755102040817,0.0003512620581080133
0.07472214406302757,0.9387755102040817,0.00035069263422539166
0.07489800225098481,0.9387755102040817,0.0003487818880250672
0.07493317388857625,0.9387755102040817,0.0003486643077646833
0.0773248452447946,0.9387755102040817,0.0003330670905016849
0.07736001688238604,0.9387755102040817,0.00033291044414785473
0.0882808103545301,0.9387755102040817,0.000275718079761638
0.08831598199212155,0.9387755102040817,0.0002755895108182102
0.08861494091164884,0.9387755102040817,0.00027404401804978224
0.0886501125492403,0.9387755102040817,0.00027403003783163185
0.0910945413618458,0.9387755102040817,0.00026460182394366985
0.09112971299943726,0.9387755102040817,0.00026459595619196866
0.09244864940911648,0.9387755102040817,0.00025925937241856606
0.09248382104670794,0.9387755102040817,0.0002592309423954813
0.09666924592009003,0.9387755102040817,0.00024431525936360405
0.09672200337647721,0.9387755102040817,0.0002442669310051039
0.09964124929656724,0.9387755102040817,0.0002345575888431578
0.0996764209341587,0.9387755102040817,0.00023449515662418943
0.10205050647158131,0.9387755102040817,0.00022636951201702643
0.10208567810917277,0.9387755102040817,0.00022631707720556526
0.1104741136747327,0.9387755102040817,0.00019936845146578493
0.11050928531232414,0.9387755102040817,0.0001993532645379322
0.11149409116488464,0.9387755102040817,0.00019640187100853113
0.11152926280247609,0.9387755102040817,0.00019638733647449778
0.1132175014068655,0.9387755102040817,0.0001918776030456161
0.11325267304445695,0.9387755102040817,0.0001918729414472177
0.11689293753517163,0.9387755102040817,0.00018334621455520742
0.11694569499155881,0.9387755102040817,0.00018330922483573856
0.11965391108610017,0.9387755102040817,0.00017739537025450347
0.11974184018007879,0.9387755102040817,0.00017739016495830413
0.12385692177827799,0.9387755102040817,0.00016802063470750412
0.12389209341586944,0.9387755102040817,0.0001679660200022295
0.12656513787281937,0.9387755102040817,0.00016216675855024797
0.1266003095104108,0.9387755102040817,0.0001621178777789041
0.1306274620146314,0.9387755102040817,0.00015510087205274122
0.13066263365222286,0.9387755102040817,0.00015503904613963575
0.13567459200900395,0.9387755102040817,0.00014631438630865074
0.13570976364659537,0.9387755102040817,0.00014627971888968972
0.13743317388857626,0.9387755102040817,0.00014334117095864623
0.13746834552616768,0.9387755102040817,0.00014329080336366616
0.14787915025323578,0.9387755102040817,0.0001274183334533682
0.14787915025323578,0.9489795918367347,0.00012740858974391483
0.1516073438379291,0.9489795918367347,0.00012253411953640843
0.15164251547552055,0.9489795918367347,0.0001225140304809351
0.15489589195272932,0.9489795918367347,0.00011847591717178606
0.15493106359032077,0.9489795918367347,0.00011846685175757173
0.15507175014068655,0.9489795918367347,0.000118272259923715
0.155106921778278,0.9489795918367347,0.00011827073452175052
0.1560213843556556,0.9489795918367347,0.00011718215682489207
0.15607414181204277,0.9489795918367347,0.00011716483089978301
0.1581492684299381,0.9489795918367347,0.0001148695288560329
0.15818444006752955,0.9489795918367347,0.00011485387973869497
0.16150815981992123,0.9489795918367347,0.00011067279841462478
0.16154333145751265,0.9489795918367347,0.00011067211009803723
0.16198297692740574,0.9489795918367347,0.00011023133414755698
0.1620181485649972,0.9489795918367347,0.00011020812066594039
0.16296778277996624,0.9489795918367347,0.00010927399187414178
0.16303812605514914,0.9489795918367347,0.00010919455553113096
0.16344259988745077,0.9489795918367347,0.00010887301225381813
0.1634777715250422,0.9489795918367347,0.00010883437760841269
0.16358328643781656,0.9489795918367347,0.00010872953261262526
0.16358328643781656,0.9591836734693877,0.00010871744361175884
0.16365362971299943,0.9591836734693877,0.00010859600095600652
0.16368880135059088,0.9591836734693877,0.00010853684531951628
0.1637767304445695,0.9591836734693877,0.00010849930674753981
0.16381190208216095,0.9591836734693877,0.00010848906058256522
0.1640053460889139,0.9591836734693877,0.00010836938748586409
0.16404051772650535,0.9591836734693877,0.00010836597989486327
0.16790939786156445,0.9591836734693877,0.00010470515011311433
0.16794456949915587,0.9591836734693877,0.0001046727037143004
0.17184862127180642,0.9591836734693877,0.00010066630487809883
0.17188379290939787,0.9591836734693877,0.00010064457975213266
0.17246412492965674,0.9591836734693877,0.00010021939408146951
0.17249929656724816,0.9591836734693877,0.00010021710464010869
0.17332583005064717,0.9591836734693877,9.962555687973802e-05
0.1733610016882386,0.9591836734693877,9.959189225572719e-05
0.1734313449634215,0.9591836734693877,9.955979291645755e-05
0.17346651660101295,0.9591836734693877,9.954973084395822e-05
0.17765194147439506,0.9591836734693877,9.568577772737548e-05
0.17768711311198648,0.9591836734693877,9.567902895393208e-05
0.17923466516601014,0.9591836734693877,9.425193917628472e-05
0.17926983680360156,0.9591836734693877,9.424331093463089e-05
0.17969189645469894,0.9591836734693877,9.389016382467663e-05
0.1797270680922904,0.9591836734693877,9.388384292625749e-05
0.18349043331457512,0.9591836734693877,9.046930253171683e-05
0.18349043331457512,0.9693877551020408,9.046360109802287e-05
0.18639209341586943,0.9693877551020408,8.81144620273106e-05
0.18642726505346088,0.9693877551020408,8.810584076596021e-05
0.18707794034890265,0.9693877551020408,8.750632915137576e-05
0.18713069780528982,0.9693877551020408,8.750556374532142e-05
0.1901554586381542,0.9693877551020408,8.506161800760595e-05
0.19019063027574565,0.9693877551020408,8.50541107220453e-05
0.19347917839054588,0.9693877551020408,8.297955723173347e-05
0.19347917839054588,0.9795918367346939,8.294128936874003e-05
0.1979283905458638,0.9795918367346939,7.992147867560737e-05
0.19796356218345526,0.9795918367346939,7.991701658346819e-05
0.2060530388294879,0.9795918367346939,7.483724600985573e-05
0.20608821046707934,0.9795918367346939,7.480436796829198e-05
0.20709060213843555,0.9795918367346939,7.412547839771523e-05
0.207125773776027,0.9795918367346939,7.411563766667854e-05
0.20807540799099605,0.9795918367346939,7.363438983888484e-05
0.2081105796285875,0.9795918367346939,7.362132982193312e-05
0.2093240011254924,0.9795918367346939,7.296871188313912e-05
0.20935917276308386,0.9795918367346939,7.296330448018905e-05
0.21271806415306696,0.9795918367346939,7.107523459876559e-05
0.2127532357906584,0.9795918367346939,7.107347731567531e-05
0.21917205965109735,0.9795918367346939,6.773395556310223e-05
0.2192072312886888,0.9795918367346939,6.770901396329725e-05
0.2215637310073157,0.9795918367346939,6.629108403071121e-05
0.22159890264490714,0.9795918367346939,6.628374905255128e-05
0.2228650815981992,0.9795918367346939,6.557312837236693e-05
0.22291783905458637,0.9795918367346939,6.554463742980747e-05
0.22645258863252674,0.9795918367346939,6.373240677684745e-05
0.2264877602701182,0.9795918367346939,6.370308117292923e-05
0.22996975239167136,0.9795918367346939,6.200394232523304e-05
0.23000492402926281,0.9795918367346939,6.200052954242994e-05
0.23603685987619583,0.9795918367346939,5.920841476314151e-05
0.23607203151378728,0.9795918367346939,5.9203577759038476e-05
0.24045090039392233,0.9795918367346939,5.724383506716831e-05
0.24052124366910524,0.9795918367346939,5.7240098054751406e-05
0.24187535171637592,0.9795918367346939,5.678074115716319e-05
0.24191052335396737,0.9795918367346939,5.6770142723570694e-05
0.24474184018007877,0.9795918367346939,5.555886536457237e-05
0.24477701181767023,0.9795918367346939,5.554629132390443e-05
0.24913829487900957,0.9795918367346939,5.363547484283507e-05
0.24917346651660102,0.9795918367346939,5.363308190594621e-05
0.26966094541361846,0.9795918367346939,4.670971774489702e-05
0.2696961170512099,0.9795918367346939,4.670827693455004e-05
0.27194710185706245,0.9795918367346939,4.610946926922421e-05
0.2719822734946539,0.9795918367346939,4.610935827949376e-05
0.27208778840742825,0.9795918367346939,4.607352397424407e-05
0.2721229600450197,0.9795918367346939,4.607178047827074e-05
0.2741629150253236,0.9795918367346939,4.550839751668092e-05
0.274198086662915,0.9795918367346939,4.549771197062446e-05
0.2883370849746764,0.9795918367346939,4.184719694632613e-05
0.28837225661226784,0.9795918367346939,4.184586575727066e-05
0.288618458075408,0.9795918367346939,4.1802376621703934e-05
0.28874155880697805,0.9795918367346939,4.180169458060517e-05
0.2906232414181204,0.9795918367346939,4.1334924879113956e-05
0.2906584130557119,0.9795918367346939,4.133259028115264e-05
0.3026167698368036,0.9795918367346939,3.865827420220653e-05
0.30265194147439506,0.9795918367346939,3.865101335288377e-05
0.30500844119302195,0.9795918367346939,3.811677581321125e-05
0.3050436128306134,0.9795918367346939,3.8110098740984166e-05
0.3055887732132808,0.9795918367346939,3.796231295546973e-05
0.30562394485087224,0.9795918367346939,3.795676908643084e-05
0.30697805289814295,0.9795918367346939,3.7744040602233845e-05
0.3070132245357344,0.9795918367346939,3.774020653311043e-05
0.30868387732132807,0.9795918367346939,3.734469525900824e-05
0.30871904895891955,0.9795918367346939,3.734274602650937e-05
0.31038970174451325,0.9795918367346939,3.698649907449127e-05
0.31042487338210467,0.9795918367346939,3.697751789941175e-05
0.31116347777152503,0.9795918367346939,3.683761505054542e-05
0.3111986494091165,0.9795918367346939,3.683318706309737e-05
0.3136782498593135,0.9795918367346939,3.6292000454997074e-05
0.3137134214969049,0.9795918367346939,3.62900863725481e-05
0.31468064153066966,0.9795918367346939,3.61137353677554e-05
0.31471581316826114,0.9795918367346939,3.611068572207308e-05
0.3219435846933033,0.9795918367346939,3.483346304111533e-05
0.3219963421496905,0.9795918367346939,3.482395521375224e-05
0.32435284186831737,0.9795918367346939,3.4339484597510405e-05
0.32438801350590885,0.9795918367346939,3.433622427664915e-05
0.3261993528418683,0.9795918367346939,3.3973460196127016e-05
0.3262345244794598,0.9795918367346939,3.3966999007403535e-05
0.32692037141249297,0.9795918367346939,3.380486707247301e-05
0.3269555430500844,0.9795918367346939,3.380430610058709e-05
0.3302440911648846,0.9795918367346939,3.326702537126547e-05
0.3302792628024761,0.9795918367346939,3.3264161948568534e-05
0.33824563871693863,0.9795918367346939,3.189324217242026e-05
0.3382808103545301,0.9795918367346939,3.1891985005189606e-05
0.34262450759707375,0.9795918367346939,3.123195006903047e-05
0.34265967923466517,0.9795918367346939,3.123145215948415e-05
0.3475485368598762,0.9795918367346939,3.035307437979017e-05
0.34758370849746767,0.9795918367346939,3.0347500558346243e-05
0.34842782779966236,0.9795918367346939,3.0209352016386274e-05
0.3484629994372538,0.9795918367346939,3.0204732553091186e-05
0.34979952166572875,0.9795918367346939,3.0019578647895345e-05
0.3498522791221159,0.9795918367346939,3.0014960801403168e-05
0.3575548677546427,0.9795918367346939,2.8882197395162616e-05
0.3575900393922341,0.9795918367346939,2.8881063459898384e-05
0.35882104670793474,0.9795918367346939,2.866775392699565e-05
0.35885621834552617,0.9795918367346939,2.8662799888809856e-05
0.35989378165447383,0.9795918367346939,2.8491562416169364e-05
0.359946539110861,0.9795918367346939,2.8490874822561228e-05
0.3609313449634215,0.9795918367346939,2.838885572019567e-05
0.3609665166010129,0.9795918367346939,2.8376475252043554e-05
0.36515194147439506,0.9795918367346939,2.7861832416280365e-05
0.3651871131119865,0.9795918367346939,2.7861039823189413e-05
0.36997045582442317,0.9795918367346939,2.7214490200256103e-05
0.37000562746201465,0.9795918367346939,2.721365929483765e-05
0.37266108610016885,0.9795918367346939,2.6856121086040834e-05
0.3726962577377603,0.9795918367346939,2.6856110829434987e-05
0.37540447383230163,0.9795918367346939,2.6524915772567006e-05
0.37543964546989306,0.9795918367346939,2.6524116369882177e-05
0.37656513787281937,0.9795918367346939,2.639664757150315e-05
0.3766003095104108,0.9795918367346939,2.6395126431725976e-05
0.3811022791221159,0.9795918367346939,2.5806764850998386e-05
0.3811374507597074,0.9795918367346939,2.58038933037673e-05
0.3835818795723129,0.9795918367346939,2.5486072482426568e-05
0.38363463702870004,0.9795918367346939,2.547918241093805e-05
0.384338069780529,0.9795918367346939,2.5392320654383e-05
0.3843732414181204,0.9795918367346939,2.5387322000357624e-05
0.38439082723691614,0.9795918367346939,2.5383577930739988e-05
0.3844259988745076,0.9795918367346939,2.538318904699513e-05
0.38476012943162635,0.9795918367346939,2.5354171880339813e-05
0.3847953010692178,0.9795918367346939,2.535250661374338e-05
0.3856921778277997,0.9795918367346939,2.5249147735619336e-05
0.3857273494653911,0.9795918367346939,2.5248283651773513e-05
0.3922692740574001,0.9795918367346939,2.4523624973105076e-05
0.39230444569499157,0.9795918367346939,2.4521330849460693e-05
0.3930254642656162,0.9795918367346939,2.4441129166268588e-05
0.39306063590320767,0.9795918367346939,2.443961783228121e-05
0.3944850872256612,0.9795918367346939,2.4280349747659868e-05
0.39452025886325265,0.9795918367346939,2.4277730189257123e-05
0.39983117613956104,0.9795918367346939,2.3664023885268105e-05
0.3998663477771525,0.9795918367346939,2.3662399056553262e-05
0.40259214969048956,0.9795918367346939,2.3336454014229036e-05
0.40262732132808104,0.9795918367346939,2.3335249489366692e-05
0.40331316826111424,0.9795918367346939,2.3265857897374974e-05
0.40334833989870567,0.9795918367346939,2.3264979683132927e-05
0.4093978615644344,0.9795918367346939,2.263514113402632e-05
0.4094330332020259,0.9795918367346939,2.263495302596878e-05
0.41010129431626335,0.9795918367346939,2.2565873171057714e-05
0.41013646595385483,0.9795918367346939,2.2565129509613227e-05
0.4126160664040518,0.9795918367346939,2.2322205090616664e-05
0.4126512380416432,0.9795918367346939,2.2313607883474942e-05
0.41609805852560494,0.9795918367346939,2.1960984938805018e-05
0.4161332301631964,0.9795918367346939,2.1959814877966564e-05
0.4169070061902082,0.9795918367346939,2.187647795224879e-05
0.4169421778277997,0.9795918367346939,2.187333180868645e-05
0.4183138716938661,0.9795918367346939,2.1730322627309678e-05
0.4183490433314575,0.9795918367346939,2.1728895410578114e-05
0.4198262521102983,0.9795918367346939,2.156541499514285e-05
0.4198614237478897,0.9795918367346939,2.156534170147872e-05
0.4209165728756331,0.9795918367346939,2.1425706252372928e-05
0.42095174451322454,0.9795918367346939,2.142412942810183e-05
0.42188379290939787,0.9795918367346939,2.1331998979715105e-05
0.4219189645469893,0.9795918367346939,2.133176895956476e-05
0.42636817670230726,0.9795918367346939,2.0925583409856063e-05
0.4264033483398987,0.9795918367346939,2.0925414263697223e-05
0.428478474957794,0.9795918367346939,2.073641956225667e-05
0.4285136465953855,0.9795918367346939,2.0731808975416432e-05
0.43072945976364657,0.9795918367346939,2.052035344540451e-05
0.4307998030388295,0.9795918367346939,2.0518788114170383e-05
0.4308701463140124,0.9795918367346939,2.0515733873381758e-05
0.4309053179516038,0.9795918367346939,2.0515131408643074e-05
0.431274620146314,0.9795918367346939,2.0483110466828353e-05
0.43130979178390544,0.9795918367346939,2.048005568816729e-05
0.4314153066966798,0.9795918367346939,2.0469221180517434e-05
0.4314153066966798,0.9897959183673469,2.0467984025949448e-05
0.4325759707371975,0.9897959183673469,2.0351151780038637e-05
0.432611142374789,0.9897959183673469,2.035047965528607e-05
0.4338949071468768,0.9897959183673469,2.0246367637672586e-05
0.4339300787844682,0.9897959183673469,2.0244136911817876e-05
0.4358293472144063,0.9897959183673469,2.0070084472069902e-05
0.43586451885199773,0.9897959183673469,2.006836041334041e-05
0.4388541080472707,0.9897959183673469,1.9792939740457996e-05
0.43888927968486213,0.9897959183673469,1.9792028634409137e-05
0.44096440630275746,0.9897959183673469,1.963169925889534e-05
0.4410171637591446,0.9897959183673469,1.962929452768957e-05
0.44154473832301633,0.9897959183673469,1.959016349984702e-05
0.44157990996060775,0.9897959183673469,1.9590087039227876e-05
0.4448860438942037,0.9897959183673469,1.9299418745205326e-05
0.44492121553179514,0.9897959183673469,1.929536160364353e-05
0.4452729319077096,0.9897959183673469,1.9264486682792212e-05
0.4453081035453011,0.9897959183673469,1.9264405558671092e-05
0.44657428249859316,0.9897959183673469,1.9151174943513875e-05
0.4466094541361846,0.9897959183673469,1.9150582964486764e-05
0.4478580472706809,0.9897959183673469,1.904567680714281e-05
0.44791080472706807,0.9897959183673469,1.9044827807895222e-05
0.4479987338210467,0.9897959183673469,1.9040042017235893e-05
0.44803390545863814,0.9897959183673469,1.90390814291013e-05
0.44880768148565,0.9897959183673469,1.8979531638054708e-05
0.4488428531232414,0.9897959183673469,1.8979404967972583e-05
0.45538477771525043,0.9897959183673469,1.84977703996055e-05
0.45541994935284186,0.9897959183673469,1.849761525405114e-05
0.45564856499718626,0.9897959183673469,1.8484632318747104e-05
0.45568373663477774,0.9897959183673469,1.848348047801329e-05
0.45712577377602703,0.9897959183673469,1.836430671419159e-05
0.45716094541361846,0.9897959183673469,1.8360888304241278e-05
0.45745990433314576,0.9897959183673469,1.834641127606282e-05
0.4574950759707372,0.9897959183673469,1.83456504054264e-05
0.4586381541924592,0.9897959183673469,1.825885263963676e-05
0.45867332583005066,0.9897959183673469,1.825744641340185e-05
0.4634039110861002,0.9897959183673469,1.7926471661135103e-05
0.4634390827236916,0.9897959183673469,1.792619756076566e-05
0.4650393922341024,0.9897959183673469,1.781191815167005e-05
0.46509214969048956,0.9897959183673469,1.781069474591327e-05
0.46729037703995496,0.9897959183673469,1.7647468957623787e-05
0.46732554867754644,0.9897959183673469,1.7646580760903e-05
0.46929516038266744,0.9897959183673469,1.7526554762819095e-05
0.46929516038266744,1.0,1.7524954450284205e-05
0.46941826111423746,1.0,1.7515803102697792e-05
0.46945343275182894,1.0,1.7514940327309618e-05
0.47043823860438944,1.0,1.7435684579970743e-05
0.47047341024198086,1.0,1.74347926323963e-05
0.4714406302757456,1.0,1.7374281415625666e-05
0.4714758019133371,1.0,1.7373838990801608e-05
0.47448297692740576,1.0,1.718496670895563e-05
0.4745181485649972,1.0,1.7183698927771414e-05
0.47472917839054585,1.0,1.7171406095483615e-05
0.474781935846933,1.0,1.717133040511302e-05
0.47592501406865506,1.0,1.7086323313928746e-05
0.4759601857062465,1.0,1.708618206986613e-05
0.47631190208216095,1.0,1.706483894064822e-05
0.4763470737197524,1.0,1.7063723823234344e-05
0.4777011817670231,1.0,1.6966207235429206e-05
0.4777363534046145,1.0,1.6965575519076905e-05
0.4783342712436691,1.0,1.6913337356544056e-05
0.47836944288126054,1.0,1.6912381339909032e-05
0.47949493528418685,1.0,1.683840907254888e-05
0.4795301069217783,1.0,1.6838153052256524e-05
0.4796004501969612,1.0,1.683567145939614e-05
0.4796356218345526,1.0,1.6835093387324428e-05
0.483803460889139,1.0,1.656641270013901e-05
0.48383863252673043,1.0,1.6564536561435432e-05
0.48390897580191333,1.0,1.6558187560517288e-05
0.48397931907709624,1.0,1.6557429998413637e-05
0.48658202025886327,1.0,1.637902200640517e-05
0.4866171918964547,1.0,1.6378275767104737e-05
0.48710959482273497,1.0,1.6339325192176786e-05
0.4871447664603264,1.0,1.6338697220190136e-05
0.4874788970174451,1.0,1.63159537556385e-05
0.4875140686550366,1.0,1.6315670621605996e-05
0.48781302757456385,1.0,1.6304256267267442e-05
0.48784819921215533,1.0,1.630402602829986e-05
0.4939328925154755,1.0,1.5925705070873946e-05
0.493968064153067,1.0,1.5925635897974425e-05
0.49490011254924027,1.0,1.58711861502323e-05
0.4949528700056275,1.0,1.5870402536709757e-05
0.4955332020258863,1.0,1.583603971022619e-05
0.4955683736634778,1.0,1.583561695568564e-05
0.49592009003939225,1.0,1.582003623829698e-05
0.4959728474957794,1.0,1.5818858810501145e-05
0.49657076533483396,1.0,1.5780306509251446e-05
0.49660593697242544,1.0,1.577805764623538e-05
0.4984876195835678,1.0,1.56683974025288e-05
0.4985227912211593,1.0,1.5668322405765696e-05
0.49934932470455823,1.0,1.562233334137621e-05
0.4993844963421497,1.0,1.5622088950619925e-05
0.5012837647720878,1.0,1.5505956616159172e-05
0.5013189364096793,1.0,1.550571901376929e-05
0.5029895891952729,1.0,1.5410557750306505e-05
0.5030247608328644,1.0,1.5410099445447113e-05
0.503868880135059,1.0,1.537783157110744e-05
0.5039040517726505,1.0,1.5376884463117017e-05
0.5046778277996623,1.0,1.5331753341825027e-05
0.5047129994372538,1.0,1.5330864778926596e-05
0.505082301631964,1.0,1.5313165169686946e-05
0.5051174732695555,1.0,1.5312519522044645e-05
0.5054516038266742,1.0,1.5295275286025714e-05
0.5054867754642656,1.0,1.5294527763651686e-05
0.5070694991558807,1.0,1.5206729381460463e-05
0.5071046707934721,1.0,1.5205510969469652e-05
0.5095490996060776,1.0,1.5059507035684215e-05
0.5095842712436691,1.0,1.5058556089690464e-05
0.5096897861564434,1.0,1.5052002541593722e-05
0.5097249577940349,1.0,1.5049923834215124e-05
0.5104635621834552,1.0,1.500429612259293e-05
0.5104987338210467,1.0,1.4996497574303036e-05
0.5129431626336522,1.0,1.4843992350802163e-05
0.5129783342712436,1.0,1.4843246647100942e-05
0.5154755205402364,1.0,1.4691373534013278e-05
0.5155106921778277,1.0,1.469109453358621e-05
0.5157041361845808,1.0,1.4683717880780498e-05
0.5157393078221723,1.0,1.4682581910247515e-05
0.5163020540236354,1.0,1.4649113080602114e-05
0.5163372256612268,1.0,1.4648920578652472e-05
0.5168472144063028,1.0,1.4615865701987755e-05
0.5168823860438942,1.0,1.4615282614246263e-05
0.5171637591446258,1.0,1.4603157781620362e-05
0.5171989307822172,1.0,1.4601747702323362e-05
0.517972706809229,1.0,1.4553242451067946e-05
0.5180078784468205,1.0,1.4552748244846581e-05
0.5185178671918964,1.0,1.4520268273337154e-05
0.5185530388294879,1.0,1.451913329398663e-05
0.5201709341586944,1.0,1.4423581206281061e-05
0.5202061057962859,1.0,1.4421061843142056e-05
0.5223164040517726,1.0,1.4314399140964392e-05
0.5223515756893641,1.0,1.4313707387458622e-05
0.5228967360720315,1.0,1.4289263770790903e-05
0.522931907709623,1.0,1.4287316830860012e-05
0.5244794597636466,1.0,1.4191230340945924e-05
0.524514631401238,1.0,1.4190637117418923e-05
0.525851153629713,1.0,1.4121459825160718e-05
0.5258863252673045,1.0,1.41201564650603e-05
0.5266425154755205,1.0,1.4082041985396032e-05
0.526677687113112,1.0,1.4081412876975458e-05
0.5270821609454136,1.0,1.4063691030780912e-05
0.5271349184018008,1.0,1.4063094280008795e-05
0.5271876758581879,1.0,1.4060965151977552e-05
0.5272228474957794,1.0,1.4060633271687142e-05
0.5292100450196962,1.0,1.3954308587916995e-05
0.529280388294879,1.0,1.3954086344927282e-05
0.5294914181204277,1.0,1.3944017767592669e-05
0.5295265897580191,1.0,1.3943125668735494e-05
0.5301948508722566,1.0,1.3898674678008412e-05
0.5302300225098481,1.0,1.3898541400869463e-05
0.5310389701744513,1.0,1.3859013137409977e-05
0.5310741418120428,1.0,1.38584368899994e-05
0.5313203432751828,1.0,1.3842837571850752e-05
0.5313555149127743,1.0,1.3842427953234726e-05
0.5340813168261114,1.0,1.3714563491400372e-05
0.5341164884637029,1.0,1.3714251843407414e-05
0.5350309510410804,1.0,1.3661931145127705e-05
0.5350661226786719,1.0,1.3661514021427324e-05
0.5380029544175576,1.0,1.3511780172344566e-05
0.5380381260551491,1.0,1.3511639464746776e-05
0.5388646595385481,1.0,1.3474098063908651e-05
0.5388998311761396,1.0,1.3472450049259706e-05
0.5400253235790659,1.0,1.3415877770883786e-05
0.5400604952166573,1.0,1.3414928554109668e-05
0.5419949352841869,1.0,1.3310737733872253e-05
0.5420301069217783,1.0,1.3309257813044011e-05
0.5437535171637592,1.0,1.3224211523531969e-05
0.5437886888013506,1.0,1.3222729229370793e-05
0.5448262521102982,1.0,1.3171417264170051e-05
0.5448614237478897,1.0,1.3170015013975224e-05
0.5476575689364097,1.0,1.3042417520566328e-05
0.5477103263927968,1.0,1.3041951109459216e-05
0.5478334271243669,1.0,1.3035740859043958e-05
0.5478685987619584,1.0,1.303458947668593e-05
0.5513330050647158,1.0,1.285301354072616e-05
0.5513681767023073,1.0,1.2851781637350147e-05
0.5515440348902645,1.0,1.2843934187426513e-05
0.551579206527856,1.0,1.2842564961338256e-05
0.5524760832864378,1.0,1.2798485115502499e-05
0.5525640123804164,1.0,1.27980899049165e-05
0.5531795160382668,1.0,1.2762215097505648e-05
0.5532322734946539,1.0,1.2761746507566914e-05
0.553478474957794,1.0,1.2748100139142344e-05
0.5535136465953855,1.0,1.2747526301201574e-05
0.5546567248171075,1.0,1.2700292941994545e-05
0.554691896454699,1.0,1.269976046653042e-05
0.5615855374226224,1.0,1.2378161168356566e-05
0.5616207090602139,1.0,1.2377712886813468e-05
0.5648037422622397,1.0,1.2241250602890087e-05
0.5648389138998312,1.0,1.223957206122971e-05
0.5659116488463702,1.0,1.2186462705696205e-05
0.5659644063027575,1.0,1.2185820695260741e-05
0.5692001969611705,1.0,1.2049111835443918e-05
0.569235368598762,1.0,1.2049012288369716e-05
0.5716622115925718,1.0,1.1945794746124058e-05
0.5716973832301632,1.0,1.1945440935457236e-05
0.5758828081035453,1.0,1.1781670805787602e-05
0.5759179797411368,1.0,1.1781657198369045e-05
0.576216938660664,1.0,1.1773348887155386e-05
0.5762521102982555,1.0,1.1771400208529651e-05
0.5790658413055711,1.0,1.1641352580225789e-05
0.5791010129431626,1.0,1.1641153802147412e-05
0.5802265053460889,1.0,1.159354981780881e-05
0.5802616769836804,1.0,1.1592772084502679e-05
0.5877532357906584,1.0,1.127836342526891e-05
0.5878235790658413,1.0,1.1278066754235035e-05
0.5900042205965109,1.0,1.1197173328131539e-05
0.5900569780528981,1.0,1.1193697614730327e-05
0.5905317951603827,1.0,1.1171456134996516e-05
0.5905669667979742,1.0,1.1170637888829872e-05
0.5909010973550929,1.0,1.1155916591371683e-05
0.5909362689926843,1.0,1.115590720439958e-05
0.5931872537985369,1.0,1.1068447451544493e-05
0.5932224254361284,1.0,1.1068250840385106e-05
0.5945237760270118,1.0,1.1027163247872585e-05
0.5945589476646033,1.0,1.1026769412859931e-05
0.5954909960607766,1.0,1.0993007064017409e-05
0.5955261676983681,1.0,1.0992728545834669e-05
0.5958427124366911,1.0,1.0972416619210516e-05
0.5958778840742825,1.0,1.0971898935198329e-05
0.5962823579065841,1.0,1.0961370493495348e-05
0.5963175295441756,1.0,1.0961060381164436e-05
0.5968275182892515,1.0,1.093949101970004e-05
0.596862689926843,1.0,1.0938709752549165e-05
0.6024022228474958,1.0,1.0731060159250295e-05
0.602454980303883,1.0,1.0731044279933948e-05
0.6028946257737761,1.0,1.0714568500963674e-05
0.6029473832301632,1.0,1.0714162897699357e-05
0.6060600731570062,1.0,1.0604135068298208e-05
0.6060952447945976,1.0,1.0603644968614371e-05
0.6081527855936972,1.0,1.0526700916072733e-05
0.6081879572312887,1.0,1.052565895339329e-05
0.6087507034327518,1.0,1.0501380049558267e-05
0.608803460889139,1.0,1.0500102491463683e-05
0.6093837929093978,1.0,1.0480551247788149e-05
0.6094189645469893,1.0,1.0480328556589997e-05
0.6149760832864378,1.0,1.0276746131539614e-05
0.6150112549240293,1.0,1.0276628764456722e-05
0.6150991840180079,1.0,1.0272294283639269e-05
0.6151343556555994,1.0,1.0272105343132727e-05
0.6165939786156444,1.0,1.0219359857763603e-05
0.6166467360720315,1.0,1.0218850223050797e-05
0.6172798255486776,1.0,1.0200478773654053e-05
0.6174380979178391,1.0,1.0200406500734965e-05
0.6176842993809791,1.0,1.019041517446077e-05
0.6177194710185706,1.0,1.0189601552722713e-05
0.6207266460326393,1.0,1.0079035436272938e-05
0.6207618176702308,1.0,1.0078517203202808e-05
0.6212366347777153,1.0,1.0059946600858634e-05
0.6212893922341024,1.0,1.0059687787773322e-05
0.6219400675295442,1.0,1.0037423263009306e-05
0.6219752391671356,1.0,1.0037337019740902e-05
0.6220983398987057,1.0,1.003114191994259e-05
0.6221335115362971,1.0,1.003111743133515e-05
0.6226083286437817,1.0,1.0014348249061222e-05
0.622643500281373,1.0,1.0013692393785107e-05
0.6243493247045583,1.0,9.945315579328635e-06
0.6243844963421497,1.0,9.943541986544354e-06
0.6251758581879572,1.0,9.911828064436152e-06
0.6252110298255487,1.0,9.911684508288119e-06
0.6252462014631401,1.0,9.910541707206922e-06
0.6252989589195272,1.0,9.910028497211584e-06
0.6253693021947102,1.0,9.905768417235826e-06
0.6254220596510973,1.0,9.904065833278708e-06
0.6274444288126055,1.0,9.83699852750934e-06
0.6274796004501969,1.0,9.836758181735963e-06
0.6307329769274057,1.0,9.732573164677291e-06
0.6307681485649972,1.0,9.731530791092733e-06
0.6321222566122678,1.0,9.680632822202828e-06
0.6321574282498593,1.0,9.680015127356718e-06
0.63351153629713,1.0,9.634869060527875e-06
0.6335467079347215,1.0,9.63439486305795e-06
0.6392972706809229,1.0,9.428272029411763e-06
0.6393324423185144,1.0,9.428152115879482e-06
0.6399127743387732,1.0,9.408764754150696e-06
0.6399479459763646,1.0,9.407514410474864e-06
0.6425858187957231,1.0,9.318985284107279e-06
0.6426209904333146,1.0,9.318357192123052e-06
0.6436057962858751,1.0,9.280561763938838e-06
0.6436409679234665,1.0,9.279871796230469e-06
0.6472636465953855,1.0,9.168535013811709e-06
0.6473164040517726,1.0,9.167310250631374e-06
0.6487056837366347,1.0,9.122157869671744e-06
0.648758441193022,1.0,9.122080489480137e-06
0.6498663477771525,1.0,9.092984702361003e-06
0.6499015194147439,1.0,9.092655225357626e-06
0.65041150815982,1.0,9.073132625600461e-06
0.6504466797974113,1.0,9.071908683147065e-06
0.6507808103545301,1.0,9.056926891391259e-06
0.6508159819921215,1.0,9.056639756201185e-06
0.6553179516038267,1.0,8.912029908429934e-06
0.6553531232414181,1.0,8.91167331105106e-06
0.6572523916713562,1.0,8.845802854320481e-06
0.6572875633089477,1.0,8.845420621778155e-06
0.6631788126055149,1.0,8.658502757564929e-06
0.6632139842431064,1.0,8.658473942319395e-06
0.6665201181767023,1.0,8.575104573004815e-06
0.6665552898142938,1.0,8.574121691066073e-06
0.6669949352841869,1.0,8.56262898298053e-06
0.6670301069217783,1.0,8.562617187546442e-06
0.6676631963984243,1.0,8.542345885896322e-06
0.6676983680360158,1.0,8.541952756796778e-06
0.6707055430500845,1.0,8.458238762339194e-06
0.6707407146876758,1.0,8.457998403839824e-06
0.6720948227349466,1.0,8.41153220433204e-06
0.672129994372538,1.0,8.411498933482883e-06
0.6729916994935284,1.0,8.39028610810891e-06
0.6730268711311199,1.0,8.390285634226476e-06
0.6732379009566686,1.0,8.385591833159424e-06
0.67327307259426,1.0,8.384935060251421e-06
0.674539251547552,1.0,8.342634078712356e-06
0.6745744231851435,1.0,8.341985806795477e-06
0.6753306133933596,1.0,8.32226545061354e-06
0.675365785030951,1.0,8.322170914691396e-06
0.6767198930782217,1.0,8.284479979700029e-06
0.6767550647158131,1.0,8.2839674334546e-06
0.6796743106359032,1.0,8.204434945567814e-06
0.6797094822734947,1.0,8.203602355723137e-06
0.6810108328643781,1.0,8.164482761290157e-06
0.6810460045019696,1.0,8.163633226176043e-06
0.682927687113112,1.0,8.115018705406266e-06
0.6829628587507034,1.0,8.113844046393421e-06
0.6834552616769837,1.0,8.095403626662076e-06
0.6835256049521665,1.0,8.094864498003883e-06
0.6839124929656725,1.0,8.081603516464637e-06
0.683947664603264,1.0,8.081465526671076e-06
0.6841411086100169,1.0,8.075249764419409e-06
0.6841762802476083,1.0,8.075138742502098e-06
0.6852314293753518,1.0,8.04158137269452e-06
0.6852666010129431,1.0,8.041285672613886e-06
0.6858293472144062,1.0,8.02208103073453e-06
0.6858645188519977,1.0,8.022079047073768e-06
0.6858821046707935,1.0,8.022022525614726e-06
0.685917276308385,1.0,8.021732486063825e-06
0.6885727349465391,1.0,7.950623516379231e-06
0.6886079065841305,1.0,7.949946320694455e-06
0.6901202870005627,1.0,7.905295298982564e-06
0.6901554586381542,1.0,7.904506224685874e-06
0.6925998874507597,1.0,7.823047993993531e-06
0.6926350590883511,1.0,7.822875784958093e-06
0.6927581598199212,1.0,7.818766601974829e-06
0.6928109172763084,1.0,7.818428083620812e-06
0.6950619020821609,1.0,7.748377274697027e-06
0.6950970737197524,1.0,7.748150494268556e-06
0.6991769836803602,1.0,7.64233724916318e-06
0.6992121553179516,1.0,7.64173071794556e-06
0.6993352560495216,1.0,7.638415536619949e-06
0.6994231851435003,1.0,7.638284229907789e-06
0.6995111142374789,1.0,7.635670948569797e-06
0.699563871693866,1.0,7.63498464648643e-06
0.7008476364659538,1.0,7.593521641619986e-06
0.7008828081035453,1.0,7.592050511147912e-06
0.7027644907146877,1.0,7.546417771653367e-06
0.7027996623522791,1.0,7.545798385082827e-06
0.7044527293190771,1.0,7.501999768416415e-06
0.7044879009566686,1.0,7.501406123666488e-06
0.704716516601013,1.0,7.495498196864716e-06
0.7047868598761958,1.0,7.495355509752718e-06
0.7048572031513787,1.0,7.49264265406622e-06
0.7048923747889702,1.0,7.492361731552155e-06
0.7075830050647158,1.0,7.412964877276541e-06
0.7076181767023073,1.0,7.411750660411562e-06
0.7092536578503095,1.0,7.3677701059395724e-06
0.709288829487901,1.0,7.366962255312552e-06
0.7119618739448509,1.0,7.299584656649644e-06
0.7119970455824424,1.0,7.2995702752133695e-06
0.7124542768711312,1.0,7.285459855873665e-06
0.7124894485087225,1.0,7.285328388236019e-06
0.7155845526167698,1.0,7.20259793280868e-06
0.7156197242543613,1.0,7.201213068869213e-06
0.7167276308384919,1.0,7.16058636231706e-06
0.7167628024760833,1.0,7.16045335575569e-06
0.7181696679797411,1.0,7.1245355689843975e-06
0.718240011254924,1.0,7.123572866764647e-06
0.7183806978052898,1.0,7.117763951954534e-06
0.7184158694428813,1.0,7.117000540698095e-06
0.7193479178390546,1.0,7.094881673182222e-06
0.7193830894766461,1.0,7.094853136103299e-06
0.7194358469330332,1.0,7.094265100491026e-06
0.7196117051209905,1.0,7.094218513555431e-06
0.7208427124366911,1.0,7.060648417969627e-06
0.7208778840742825,1.0,7.06055783060549e-06
0.721475801913337,1.0,7.048082779502965e-06
0.7215285593697243,1.0,7.04778239269799e-06
0.7233047270680923,1.0,6.997441820991773e-06
0.7233398987056837,1.0,6.997356921878609e-06
0.7261360438942037,1.0,6.92387069015951e-06
0.726241558806978,1.0,6.923569363437728e-06
0.7279297974113674,1.0,6.875204376233786e-06
0.7279649690489589,1.0,6.875116968907803e-06
0.7312359313449635,1.0,6.78899600572438e-06
0.7312711029825548,1.0,6.788794087373223e-06
0.733170371412493,1.0,6.741888612541494e-06
0.7332055430500845,1.0,6.741172186399856e-06
0.7348058525604952,1.0,6.6988868995973e-06
0.7348410241980866,1.0,6.6977924049895755e-06
0.7354037703995498,1.0,6.685272786837684e-06
0.7354389420371412,1.0,6.684270807098116e-06
0.7356851435002814,1.0,6.679072789930521e-06
0.7357203151378728,1.0,6.679063755952734e-06
0.7377602701181767,1.0,6.633823067645401e-06
0.7377954417557682,1.0,6.633225425897393e-06
0.7396067810917276,1.0,6.5915685854463105e-06
0.7396595385481148,1.0,6.591109718536603e-06
0.7412598480585256,1.0,6.557951499109064e-06
0.7413126055149127,1.0,6.557728888934584e-06
0.7426667135621835,1.0,6.525435498071189e-06
0.7427018851997749,1.0,6.5251876115639535e-06
0.7437570343275183,1.0,6.497476588910729e-06
0.7437922059651098,1.0,6.4969989033750905e-06
0.7443549521665729,1.0,6.4833118903665255e-06
0.7443901238041644,1.0,6.483040448228526e-06
0.7444604670793472,1.0,6.481029895869468e-06
0.7444956387169387,1.0,6.480470572879692e-06
0.7446187394485088,1.0,6.475235948774221e-06
0.7446539110861001,1.0,6.474910688617988e-06
0.7460256049521665,1.0,6.448239766884229e-06
0.746060776589758,1.0,6.448143874249818e-06
0.7470807540799099,1.0,6.423499529007346e-06
0.7471335115362971,1.0,6.42324006936062e-06
0.7472390264490715,1.0,6.42046350043982e-06
0.7473269555430501,1.0,6.419828624687406e-06
0.7474500562746201,1.0,6.4180920536396804e-06
0.7474852279122116,1.0,6.417977236960121e-06
0.7515651378728193,1.0,6.323373457531126e-06
0.7516706527855938,1.0,6.323258758585819e-06
0.7516882386043894,1.0,6.322936820261515e-06
0.7517234102419809,1.0,6.3228187886344326e-06
0.7523740855374226,1.0,6.310008744699665e-06
0.7524092571750141,1.0,6.309988014774131e-06
0.7532533764772088,1.0,6.293471855870973e-06
0.7532885481148002,1.0,6.293400964187721e-06
0.7537106077658976,1.0,6.284062294856173e-06
0.7537457794034891,1.0,6.283875419017092e-06
0.7541150815981992,1.0,6.276702599885169e-06
0.7541502532357907,1.0,6.275282599528898e-06
0.7579136184580754,1.0,6.190523565016012e-06
0.7579487900956668,1.0,6.190467451908054e-06
0.7580015475520541,1.0,6.1902596521989126e-06
0.7580367191896454,1.0,6.189863033094621e-06
0.7580718908272369,1.0,6.18918710187324e-06
0.7581070624648284,1.0,6.189159110008182e-06
0.7590566966797974,1.0,6.1639246701597634e-06
0.7590918683173888,1.0,6.163878492695894e-06
0.7615538829487901,1.0,6.11133717038723e-06
0.7616066404051772,1.0,6.111291678906469e-06
0.7632421215531795,1.0,6.067172985711451e-06
0.763277293190771,1.0,6.0668455150656935e-06
0.7640686550365785,1.0,6.0518669274880185e-06
0.76410382667417,1.0,6.051798630950487e-06
0.7648951885199775,1.0,6.034497885505897e-06
0.764930360157569,1.0,6.03218462025313e-06
0.7673220315137873,1.0,5.9786258298811966e-06
0.7673572031513787,1.0,5.978579675969656e-06
0.7705050647158131,1.0,5.905904498233945e-06
0.7705402363534046,1.0,5.905868333248685e-06
0.7706105796285875,1.0,5.904313990295863e-06
0.770645751266179,1.0,5.9034738438581845e-06
0.7782252391671356,1.0,5.750733056901318e-06
0.7782604108047271,1.0,5.750523682363836e-06
0.7789462577377603,1.0,5.739007409793832e-06
0.7789814293753518,1.0,5.738439789065839e-06
0.7812675858187957,1.0,5.69099455325817e-06
0.7813027574563872,1.0,5.690734722371323e-06
0.791027715250422,1.0,5.464041110289607e-06
0.791098058525605,1.0,5.463849056974562e-06
0.7916608047270681,1.0,5.451323673071556e-06
0.7916959763646595,1.0,5.451266415677367e-06
0.7919070061902083,1.0,5.4474267248195794e-06
0.7919421778277996,1.0,5.44742033206195e-06
0.7928390545863815,1.0,5.425550826995784e-06
0.7928918120427687,1.0,5.425200232485973e-06
0.7929621553179516,1.0,5.424474194978609e-06
0.7952483117613957,1.0,5.373613136514037e-06
0.795283483398987,1.0,5.3735426750292084e-06
0.795986916150816,1.0,5.359367369809083e-06
0.7960220877884074,1.0,5.35833970544954e-06
0.7967079347214406,1.0,5.342606596008492e-06
0.7967431063590321,1.0,5.341914570948414e-06
0.7988006471581317,1.0,5.296162128317018e-06
0.7988358187957231,1.0,5.294463836583298e-06
0.8016143781654473,1.0,5.23810556918463e-06
0.8016495498030388,1.0,5.238079618794959e-06
0.802018851997749,1.0,5.2323069028112896e-06
0.8020891952729319,1.0,5.23187844919595e-06
0.8045160382667417,1.0,5.1839063662649325e-06
0.8045512099043332,1.0,5.182228893924546e-06
0.8057294597636466,1.0,5.156826243879896e-06
0.805764631401238,1.0,5.156474280777169e-06
0.8061163477771525,1.0,5.147019308233077e-06
0.8061515194147439,1.0,5.14673523982161e-06
0.8153840742824986,1.0,4.9563647072978385e-06
0.8154192459200901,1.0,4.956360035031943e-06
0.8192881260551491,1.0,4.884150421828548e-06
0.8193232976927406,1.0,4.883657303232497e-06
0.8213456668542487,1.0,4.85036956917373e-06
0.8213808384918402,1.0,4.850210329610693e-06
0.8288372256612268,1.0,4.695843750729205e-06
0.8288723972988182,1.0,4.69567378190542e-06
0.8291889420371412,1.0,4.687657869178137e-06
0.8292241136747327,1.0,4.687483826503552e-06
0.8295054867754643,1.0,4.681400403786292e-06
0.8295406584130557,1.0,4.680165893989801e-06
0.8299978897017445,1.0,4.672079689981879e-06
0.8300506471581317,1.0,4.669994150183813e-06
0.8386325267304445,1.0,4.49550816633067e-06
0.838667698368036,1.0,4.49521813925322e-06
0.8411121271806415,1.0,4.449589352346186e-06
0.841147298818233,1.0,4.449355908723453e-06
0.8451216938660664,1.0,4.36831358516389e-06
0.8451568655036579,1.0,4.367522806830188e-06
0.845332723691615,1.0,4.364072712007374e-06
0.845403066966798,1.0,4.363858101037261e-06
0.8462647720877884,1.0,4.347479199758055e-06
0.8462999437253799,1.0,4.347279212737447e-06
0.8495005627462014,1.0,4.278309202231677e-06
0.8495357343837929,1.0,4.278132335792294e-06
0.8512591446257738,1.0,4.2495486875327285e-06
0.8512943162633653,1.0,4.248933134997746e-06
0.8516987900956668,1.0,4.23863903557521e-06
0.8517339617332583,1.0,4.23849376287476e-06
0.8521032639279685,1.0,4.231658001985612e-06
0.8521384355655599,1.0,4.231286830154156e-06
0.8544421778277996,1.0,4.186238663751232e-06
0.8544773494653911,1.0,4.185637403371475e-06
0.8549345807540799,1.0,4.178577844425946e-06
0.8549697523916714,1.0,4.178423336683792e-06
0.8552335396736072,1.0,4.174779189431681e-06
0.8552687113111986,1.0,4.1743538640679555e-06
0.856640405177265,1.0,4.147776225580685e-06
0.8566755768148565,1.0,4.147620456660224e-06
0.8576076252110298,1.0,4.125666686745779e-06
0.8576779684862127,1.0,4.12547071440346e-06
0.8578186550365785,1.0,4.122026209948254e-06
0.85785382667417,1.0,4.121151801072824e-06
0.8585045019696117,1.0,4.109311582139529e-06
0.8585572594259989,1.0,4.1087391536794985e-06
0.860966516601013,1.0,4.066459493206531e-06
0.8610016882386043,1.0,4.066261618600861e-06
0.864905740011255,1.0,3.988098917803728e-06
0.8649409116488463,1.0,3.988062849986392e-06
0.8657850309510411,1.0,3.97392985082578e-06
0.8658377884074282,1.0,3.973319654684147e-06
0.867314997186269,1.0,3.94365742107583e-06
0.8673677546426561,1.0,3.943408912794636e-06
0.8684229037703995,1.0,3.917204524596737e-06
0.868458075407991,1.0,3.916777766871096e-06
0.8684756612267868,1.0,3.916539458394205e-06
0.8685108328643781,1.0,3.915349603774815e-06
0.8696890827236916,1.0,3.892050117637544e-06
0.8697242543612831,1.0,3.891769705777842e-06
0.8697594259988745,1.0,3.890556034623152e-06
0.8697945976364659,1.0,3.890284374111403e-06
0.8710959482273495,1.0,3.861918626477837e-06
0.871131119864941,1.0,3.8614946683705125e-06
0.8743844963421497,1.0,3.7918646082189775e-06
0.8744196679797411,1.0,3.7917706209588163e-06
0.8752286156443444,1.0,3.7743648408162096e-06
0.8752813731007316,1.0,3.7743567898237337e-06
0.8753341305571187,1.0,3.773926529112825e-06
0.8753693021947102,1.0,3.773890504651827e-06
0.8755979178390546,1.0,3.770403721453129e-06
0.8756330894766461,1.0,3.7701368667953858e-06
0.8784468204839617,1.0,3.7181590839415836e-06
0.8784995779403489,1.0,3.717888905864227e-06
0.8790623241418121,1.0,3.70277937423427e-06
0.8790974957794034,1.0,3.702724604296144e-06
0.8799767867191897,1.0,3.684901075468018e-06
0.8800119583567811,1.0,3.6848368653759633e-06
0.8801350590883511,1.0,3.682602687251779e-06
0.8801878165447383,1.0,3.6823679019989195e-06
0.882685002813731,1.0,3.6306888955021214e-06
0.8827377602701182,1.0,3.6305656523372618e-06
0.8851470174451322,1.0,3.579888675035408e-06
0.885287703995498,1.0,3.579409811193455e-06
0.8853756330894766,1.0,3.579071337429845e-06
0.8903875914462578,1.0,3.4833136951908225e-06
0.8904227630838492,1.0,3.4832475301922525e-06
0.8909151660101294,1.0,3.4756182903721374e-06
0.8909679234665167,1.0,3.475048019036885e-06
0.8914075689364097,1.0,3.4670700716970105e-06
0.8914603263927968,1.0,3.4664014621262604e-06
0.892216516601013,1.0,3.453097050077286e-06
0.8922516882386043,1.0,3.453016385150552e-06
0.8949774901519415,1.0,3.396569757214549e-06
0.8950126617895329,1.0,3.3964892946698908e-06
0.8962964265616207,1.0,3.3755222944959165e-06
0.8963315981992122,1.0,3.375392010652395e-06
0.8966657287563309,1.0,3.3699042350108483e-06
0.8967360720315138,1.0,3.369163096176447e-06
0.9001653066966798,1.0,3.3007174037946505e-06
0.9002004783342712,1.0,3.3007067285513243e-06
0.9054410523353967,1.0,3.2026253393402364e-06
0.9054762239729882,1.0,3.201999527212078e-06
0.9063731007315701,1.0,3.1884459155134604e-06
0.9064082723691615,1.0,3.1884340794261443e-06
0.9069886043894204,1.0,3.178222266327659e-06
0.9070237760270118,1.0,3.1781576208713965e-06
0.9072348058525604,1.0,3.1756657191131765e-06
0.9072699774901519,1.0,3.175001799497058e-06
0.9089230444569499,1.0,3.1468147685728915e-06
0.9089582160945414,1.0,3.146687836029024e-06
0.9094330332020258,1.0,3.1370216880859693e-06
0.9094682048396173,1.0,3.136152763162102e-06
0.9104881823297692,1.0,3.1152402996801565e-06
0.9105233539673607,1.0,3.114996794112123e-06
0.9106112830613393,1.0,3.1129905024550974e-06
0.9106464546989308,1.0,3.112696684741375e-06
0.9121940067529544,1.0,3.0828127027749132e-06
0.9122995216657288,1.0,3.0819002147186946e-06
0.9151484243106359,1.0,3.0280248664420164e-06
0.915201181767023,1.0,3.0278608913008135e-06
0.9188414462577378,1.0,2.960220735712744e-06
0.9188766178953293,1.0,2.9599192123032273e-06
0.919017304445695,1.0,2.9579638639294986e-06
0.9190524760832864,1.0,2.9579608974867808e-06
0.9195624648283625,1.0,2.9507012540299385e-06
0.9196152222847496,1.0,2.9505734317791056e-06
0.9196328081035453,1.0,2.9505044999144194e-06
0.9196679797411368,1.0,2.9504440120389836e-06
0.9214617332583005,1.0,2.9190699910468467e-06
0.921496904895892,1.0,2.9190137831201673e-06
0.9255768148564997,1.0,2.8372167328391715e-06
0.9256119864940912,1.0,2.8365079778635953e-06
0.9257878446820484,1.0,2.8328549637245408e-06
0.9258406021384356,1.0,2.8324075063498637e-06
0.9263330050647158,1.0,2.820089956708381e-06
0.9263857625211029,1.0,2.819854221311626e-06
0.9264385199774902,1.0,2.817881701140417e-06
0.926508863252673,1.0,2.8178579579726873e-06
0.9281091727630838,1.0,2.787124070297421e-06
0.9281443444006753,1.0,2.7870678697942117e-06
0.9311163477771525,1.0,2.7248656703860507e-06
0.9311515194147439,1.0,2.724704358622521e-06
0.9320835678109173,1.0,2.7061887498144664e-06
0.9321187394485088,1.0,2.7060808943564642e-06
0.932734243106359,1.0,2.69587666240123e-06
0.9327694147439505,1.0,2.695793158342329e-06
0.9342993809791784,1.0,2.6652544204642536e-06
0.9343345526167698,1.0,2.6650944207801015e-06
0.9345983398987057,1.0,2.659914097895278e-06
0.9346335115362971,1.0,2.659679782473196e-06
0.9346510973550929,1.0,2.6595949706132596e-06
0.9346862689926843,1.0,2.6593391571811195e-06
0.9357590039392234,1.0,2.6397878267479553e-06
0.9358117613956106,1.0,2.6390652338222063e-06
0.935846933033202,1.0,2.6385820701364147e-06
0.9361810635903207,1.0,2.627241991893761e-06
0.9364272650534609,1.0,2.626269453861192e-06
0.9367086381541925,1.0,2.6198071853095965e-06
0.936743809791784,1.0,2.619731305755493e-06
0.9372186268992684,1.0,2.6099489904155063e-06
0.9372713843556556,1.0,2.609479583980409e-06
0.9378517163759145,1.0,2.598121040074878e-06
0.937886888013506,1.0,2.597835569402316e-06
0.9407357906584131,1.0,2.532530486228813e-06
0.9407709622960045,1.0,2.53187690883821e-06
0.9418436972425436,1.0,2.510607433354611e-06
0.9418788688801351,1.0,2.5096423220556e-06
0.942582301631964,1.0,2.4903646417564274e-06
0.9426174732695555,1.0,2.4903099745814835e-06
0.9445167416994935,1.0,2.4526223245884775e-06
0.9445694991558807,1.0,2.4525299550927808e-06
0.9452377602701182,1.0,2.4333881603646482e-06
0.9452729319077097,1.0,2.4333622167782035e-06
0.9466622115925718,1.0,2.4009522405298754e-06
0.9466973832301632,1.0,2.3999091663281186e-06
0.9490538829487901,1.0,2.3477252750190183e-06
0.9490890545863815,1.0,2.346252979209692e-06
0.9505662633652223,1.0,2.3146340781108313e-06
0.9506014350028137,1.0,2.314201659189371e-06
0.9511114237478897,1.0,2.2969781908967848e-06
0.9515158975801913,1.0,2.29691016341437e-06
0.9516214124929657,1.0,2.292642411440681e-06
0.9518148564997186,1.0,2.291628453977396e-06
0.9532393078221723,1.0,2.2587709449226255e-06
0.9532920652785594,1.0,2.2585156259415604e-06
0.9533624085537422,1.0,2.2570688409808802e-06
0.9533975801913337,1.0,2.2570049628220626e-06
0.9536613674732696,1.0,2.2508036568804825e-06
0.953696539110861,1.0,2.2492055294064746e-06
0.9539779122115926,1.0,2.2449592281909687e-06
0.954013083849184,1.0,2.243828636969187e-06
0.9543120427687113,1.0,2.2376943432813218e-06
0.9543472144063028,1.0,2.2373121300878673e-06
0.9545406584130557,1.0,2.230317864136819e-06
0.9545758300506472,1.0,2.2298892216899018e-06
0.9548220315137873,1.0,2.2238202533381553e-06
0.9548572031513787,1.0,2.2237316338836746e-06
0.9551737478897018,1.0,2.2157646110404887e-06
0.9552089195272931,1.0,2.215301822187563e-06
0.9576005908835116,1.0,2.1609740299396355e-06
0.9577764490714687,1.0,2.1603264215356674e-06
0.9604494935284187,1.0,2.1041551766753065e-06
0.9604846651660102,1.0,2.10402810963114e-06
0.9619442881260551,1.0,2.07047694855626e-06
0.9619794597636466,1.0,2.0704585113471415e-06
0.9620322172200337,1.0,2.069418541301921e-06
0.9620673888576252,1.0,2.0693357073000494e-06
0.9621201463140123,1.0,2.0676684041515154e-06
0.9621553179516038,1.0,2.067618814442684e-06
0.9624191052335397,1.0,2.0594843428688374e-06
0.9624542768711312,1.0,2.0593150556356576e-06
0.9640721722003377,1.0,2.0218286087897924e-06
0.9641073438379291,1.0,2.021047362321446e-06
0.9641425154755205,1.0,2.0206701617241315e-06
0.964177687113112,1.0,2.0193496943176106e-06
0.9646173325830051,1.0,2.0084598231243575e-06
0.9646525042205966,1.0,2.0077554495315675e-06
0.9650218064153067,1.0,1.997844394874427e-06
0.9650569780528981,1.0,1.997450520131696e-06
0.9651449071468767,1.0,1.9954689591805285e-06
0.9651800787844682,1.0,1.995008282552467e-06
0.9652152504220597,1.0,1.9947628054430626e-06
0.9652504220596511,1.0,1.9946747507532146e-06
0.9654438660664041,1.0,1.988329722053549e-06
0.9654790377039955,1.0,1.987573121074613e-06
0.9656197242543613,1.0,1.9859474702228132e-06
0.9656548958919527,1.0,1.9858201162169457e-06
0.9661824704558244,1.0,1.9737187735452864e-06
0.9662176420934159,1.0,1.9735244958471963e-06
0.9663055711873945,1.0,1.9706828606222225e-06
0.9663407428249859,1.0,1.9704190802168705e-06
0.9666572875633089,1.0,1.9628284403728736e-06
0.9666924592009004,1.0,1.9626226532146923e-06
0.9673255486775464,1.0,1.947818493925152e-06
0.9673607203151379,1.0,1.9472839262212788e-06
0.9676772650534609,1.0,1.9383219485793385e-06
0.9677300225098481,1.0,1.9382070590623253e-06
0.9686796567248172,1.0,1.9136460540939615e-06
0.9687324141812043,1.0,1.9129838183034463e-06
0.9689082723691615,1.0,1.91053418298928e-06
0.9689434440067529,1.0,1.9105311405965565e-06
0.969066544738323,1.0,1.907747733384092e-06
0.9691017163759145,1.0,1.9074763977000615e-06
0.9691896454698931,1.0,1.9053210615927497e-06
0.9692424029262803,1.0,1.9046672198719477e-06
0.9694358469330332,1.0,1.899580852336854e-06
0.9694710185706247,1.0,1.899479605648692e-06
0.9703854811480023,1.0,1.8766930572687518e-06
0.9704206527855938,1.0,1.876106851624804e-06
0.9710185706246482,1.0,1.8567904390710698e-06
0.9710537422622397,1.0,1.8566755942284542e-06
0.9711944288126055,1.0,1.8530765657459045e-06
0.9712296004501969,1.0,1.852694467670391e-06
0.97154614518852,1.0,1.8437335011175194e-06
0.9715989026449071,1.0,1.8432704726624808e-06
0.9719682048396173,1.0,1.8312543652078542e-06
0.9720033764772088,1.0,1.8311636617595378e-06
0.9725837084974677,1.0,1.8208012241432318e-06
0.972618880135059,1.0,1.8204652230215484e-06
0.973322312886888,1.0,1.7999327891570236e-06
0.9733574845244795,1.0,1.7984016219726637e-06
0.9743071187394485,1.0,1.773066721414484e-06
0.9743950478334271,1.0,1.7709876534987307e-06
0.9745005627462014,1.0,1.7679484711721906e-06
0.9745357343837929,1.0,1.767541824324574e-06
0.9748698649409117,1.0,1.7568992598156966e-06
0.9749050365785031,1.0,1.756702774277922e-06
0.9761536297129995,1.0,1.7206003887593373e-06
0.9761888013505908,1.0,1.7203360316788444e-06
0.9763822453573439,1.0,1.71490225614891e-06
0.9764174169949353,1.0,1.7144803846863701e-06
0.9767339617332583,1.0,1.7077722221340462e-06
0.9767691333708497,1.0,1.707350136255219e-06
0.9768043050084412,1.0,1.7070519478958667e-06
0.9768394766460327,1.0,1.7057595615955002e-06
0.976944991558807,1.0,1.7032741546137236e-06
0.9769801631963985,1.0,1.7031228942418619e-06
0.9771384355655599,1.0,1.6964996440753327e-06
0.9771736072031514,1.0,1.6963331535272918e-06
0.9772967079347215,1.0,1.6922330341550837e-06
0.9774022228474958,1.0,1.69206320495349e-06
0.9777891108610017,1.0,1.6834309294207123e-06
0.9778242824985931,1.0,1.6829131513205816e-06
0.9782287563308948,1.0,1.6692641213193168e-06
0.9782639279684862,1.0,1.6689762418065144e-06
0.9783870287000562,1.0,1.667088730408238e-06
0.9784222003376477,1.0,1.6669471834394829e-06
0.9787563308947664,1.0,1.6546203255334897e-06
0.9787915025323579,1.0,1.654042761644876e-06
0.9790025323579066,1.0,1.6498966308623434e-06
0.979037703995498,1.0,1.6495379275618165e-06
0.9791608047270681,1.0,1.6450931827541723e-06
0.9791959763646595,1.0,1.6447321753984354e-06
0.9797763083849184,1.0,1.6308248999838382e-06
0.9798114800225098,1.0,1.6304045845467164e-06
0.9800928531232415,1.0,1.621753442962389e-06
0.9801280247608328,1.0,1.6208401694766304e-06
0.9809018007878447,1.0,1.6004523210448008e-06
0.9809545582442318,1.0,1.598816489823071e-06
0.9811480022509848,1.0,1.591827365036048e-06
0.981200759707372,1.0,1.5909431709465062e-06
0.9815348902644907,1.0,1.5779650359866713e-06
0.9815876477208779,1.0,1.5776680749062613e-06
0.9816579909960608,1.0,1.5766115187022874e-06
0.9816931626336522,1.0,1.5759391001970973e-06
0.9817283342712436,1.0,1.5755815776166304e-06
0.9827131401238042,1.0,1.546298059577542e-06
0.982783483398987,1.0,1.5460580338662428e-06
0.9829065841305571,1.0,1.5415124971198491e-06
0.9829417557681486,1.0,1.5405193670627026e-06
0.9829945132245357,1.0,1.5386315555092548e-06
0.9830648564997186,1.0,1.5380721996827888e-06
0.9834165728756331,1.0,1.519583453531465e-06
0.9834517445132246,1.0,1.5172364609468367e-06
0.9837331176139561,1.0,1.5103460603501716e-06
0.9838562183455262,1.0,1.5102763595362719e-06
0.9848937816544738,1.0,1.4755383952109698e-06
0.9849289532920653,1.0,1.4743095193062112e-06
0.984946539110861,1.0,1.473530122777424e-06
0.9850344682048396,1.0,1.47281173153097e-06
0.9859137591446258,1.0,1.4389214275612868e-06
0.9859489307822172,1.0,1.4363665794009652e-06
0.9872502813731008,1.0,1.391352555061707e-06
0.9873030388294879,1.0,1.3912556381758552e-06
0.9876723410241981,1.0,1.3807478098057279e-06
0.9877075126617896,1.0,1.380361477004263e-06
0.9888681767023073,1.0,1.3457743662361772e-06
0.989008863252673,1.0,1.3457443958547245e-06
0.989079206527856,1.0,1.3436616868492523e-06
0.9891143781654473,1.0,1.3429394861422636e-06
0.9892726505346089,1.0,1.335637329007063e-06
0.9893254079909961,1.0,1.3350381863599625e-06
0.9894133370849747,1.0,1.3313142835299312e-06
0.9894485087225662,1.0,1.3312032196487332e-06
0.990345385481148,1.0,1.2972888151314115e-06
0.9904509003939224,1.0,1.2972230327935447e-06
0.9908202025886326,1.0,1.2826075040563543e-06
0.9908553742262239,1.0,1.2811466550529314e-06
0.9909433033202026,1.0,1.2798023935202456e-06
0.990978474957794,1.0,1.2797536308859075e-06
0.9912246764209341,1.0,1.2724751725163376e-06
0.9912598480585256,1.0,1.2723391735231133e-06
0.9913477771525042,1.0,1.2666638127452244e-06
0.9913829487900957,1.0,1.2666309434167417e-06
0.9922622397298818,1.0,1.2351010215634425e-06
0.9922974113674733,1.0,1.2349543870065409e-06
0.9931942881260551,1.0,1.1977151732722047e-06
0.9932294597636466,1.0,1.1974586316077575e-06
0.9936866910523354,1.0,1.1706712622926378e-06
0.9937218626899268,1.0,1.1706152700207588e-06
0.9938801350590883,1.0,1.1633919146498016e-06
0.9939856499718627,1.0,1.1615971308932847e-06
0.9942142656162071,1.0,1.1469832583948874e-06
0.9942494372537986,1.0,1.1463666205459436e-06
0.9943901238041644,1.0,1.1398896528550787e-06
0.9944252954417557,1.0,1.139558135877206e-06
0.9945132245357344,1.0,1.1320616195371709e-06
0.994601153629713,1.0,1.128408251893643e-06
0.9948297692740574,1.0,1.1185754121022728e-06
0.9948649409116489,1.0,1.1185455672037167e-06
0.9950935565559933,1.0,1.1079826102302225e-06
0.9951463140123804,1.0,1.1070436310729117e-06
0.9953221722003377,1.0,1.0907801496284765e-06
0.9953573438379291,1.0,1.0904587010373374e-06
0.9955683736634777,1.0,1.079447164819708e-06
0.9956035453010692,1.0,1.0790069597977957e-06
0.9957794034890265,1.0,1.0661624365547521e-06
0.9958145751266179,1.0,1.0660139482109436e-06
0.9960256049521665,1.0,1.0460976818522079e-06
0.996060776589758,1.0,1.0439324186830098e-06
0.9965180078784468,1.0,1.008293099214066e-06
0.9965531795160383,1.0,1.0077987847554574e-06
0.9971510973550929,1.0,9.624888459273433e-07
0.9971862689926843,1.0,9.62011626732058e-07
0.9973269555430501,1.0,9.487248005850187e-07
0.9973621271806415,1.0,9.473523335349895e-07
0.9987514068655037,1.0,7.946859881198413e-07
0.9987865785030952,1.0,7.933277808929168e-07
0.9989096792346651,1.0,7.835245654756438e-07
0.9989800225098481,1.0,7.818510906520914e-07
0.9992965672481711,1.0,7.155926209193049e-07
0.9993669105233539,1.0,7.128281667307111e-07
0.9997186268992684,1.0,6.514042712629603e-07
0.9997537985368599,1.0,6.469537923108612e-07
1.0,1.0,5.222563285601154e-07
